{
  "levels": {
    "settlement": "Település",
    "city_district": "Városrésznév",
    "settlement_part": "Településrésznév",
    "postcode": [
      "Irányítószám",
      "IRSZ"
    ],
    "street_name": "Közterületnév",
    "street_type": "Közterület jellege",
    "house_number": "Házszám",
    "lot_number": "Helyrajziszám",
    "building": "Épület",
    "staircase": "Lépcsőház",
    "floor": "Szint",
    "door": "Ajtó",
    "subunit": null,
    "tags": null
  },
  "coords": {
    "eov_y_col": "EOV_X",
    "eov_x_col": "EOV_Y"
  }
}